{
  "version": 1,
  "author": "anjas Saputra",
  "editor": "wokwi",
  "parts": [
    { "type": "wokwi-arduino-uno", "id": "uno", "top": 0, "left": 0, "attrs": {} },
    { "type": "wokwi-7segment", "id": "sevseg1", "top": -123.82, "left": 119.48, "attrs": {} },
    { "type": "wokwi-vcc", "id": "vcc1", "top": -181.64, "left": 134.4, "attrs": {} }
  ],
  "connections": [
    [ "sevseg1:C", "uno:4", "green", [ "v8.12", "h58.2" ] ],
    [ "sevseg1:D", "uno:7", "green", [ "v16.79", "h54.74" ] ],
    [ "sevseg1:E", "uno:8", "green", [ "v28.79", "h49.67" ] ],
    [ "sevseg1:A", "uno:2", "green", [ "v-43.16", "h77.6" ] ],
    [ "sevseg1:B", "uno:3", "green", [ "v-33.56", "h58.4" ] ],
    [ "sevseg1:F", "uno:5", "green", [ "v-23.96", "h77.6" ] ],
    [ "sevseg1:G", "uno:6", "green", [ "v-14.36", "h68" ] ],
    [ "sevseg1:COM.2", "vcc1:VCC", "green", [ "h0" ] ]
  ],
  "dependencies": {}
}